"","GVIF","Df","GVIF^(1/(2*Df))"
"total_iat_z",1.01356621281834,1,1.00676025587939
"gender",1.12181122648629,1,1.0591559028237
"age_group",1.21929763084478,5,1.02002536848812
"study_level",1.13267649577595,1,1.06427275440836
"discipline",1.05261915443164,2,1.01290290606124
